[
  {
    "featureType": "landscape.natural",
    "elementType": "geometry",
    "stylers": [
      {
        "color": "#dde2e3"
      },
      {
        "visibility": "on"
      }
    ]
  },
  {
    "featureType": "poi.park",
    "elementType": "all",
    "stylers": [
      {
        "color": "#c6e8b3"
      },
      {
        "visibility": "on"
      }
    ]
  },
  {
    "featureType": "poi.park",
    "elementType": "geometry.fill",
    "stylers": [
      {
        "color": "#b0ddba"
      },
      {
        "visibility": "on"
      }
    ]
  },
  {
    "featureType": "poi.park",
    "elementType": "geometry.stroke",
    "stylers": [
      {
        "hue": "#ff0000"
      }
    ]
  },
  {
    "featureType": "poi.park",
    "elementType": "labels.text.fill",
    "stylers": [
      {
        "saturation": "-90"
      },
      {
        "lightness": "58"
      },
      {
        "color": "#6da379"
      },
      {
        "gamma": "0.69"
      },
      {
        "weight": "0.52"
      }
    ]
  },
  {
    "featureType": "poi.park",
    "elementType": "labels.text.stroke",
    "stylers": [
      {
        "color": "#000000"
      },
      {
        "weight": "0.61"
      },
      {
        "lightness": "-100"
      },
      {
        "gamma": "0.00"
      },
      {
        "saturation": "-76"
      },
      {
        "visibility": "off"
      }
    ]
  },
  {
    "featureType": "road",
    "elementType": "geometry.fill",
    "stylers": [
      {
        "visibility": "on"
      }
    ]
  },
  {
    "featureType": "road",
    "elementType": "geometry.stroke",
    "stylers": [
      {
        "visibility": "off"
      }
    ]
  },
  {
    "featureType": "road",
    "elementType": "labels",
    "stylers": [
      {
        "visibility": "on"
      }
    ]
  },
  {
    "featureType": "road",
    "elementType": "labels.text.fill",
    "stylers": [
      {
        "visibility": "on"
      }
    ]
  },
  {
    "featureType": "road",
    "elementType": "labels.text.stroke",
    "stylers": [
      {
        "visibility": "on"
      }
    ]
  },
  {
    "featureType": "road.highway",
    "elementType": "geometry.fill",
    "stylers": [
      {
        "color": "#a6b5dd"
      },
      {
        "visibility": "on"
      },
      {
        "weight": "0.87"
      },
      {
        "lightness": "-7"
      }
    ]
  },
  {
    "featureType": "road.highway",
    "elementType": "geometry.stroke",
    "stylers": [
      {
        "color": "#a9b8bd"
      },
      {
        "visibility": "on"
      },
      {
        "weight": "0.87"
      }
    ]
  },
  {
    "featureType": "road.highway.controlled_access",
    "elementType": "geometry.fill",
    "stylers": [
      {
        "gamma": "8.24"
      },
      {
        "weight": "2.16"
      },
      {
        "visibility": "on"
      }
    ]
  },
  {
    "featureType": "road.arterial",
    "elementType": "geometry.fill",
    "stylers": [
      {
        "weight": "0.22"
      },
      {
        "visibility": "on"
      }
    ]
  },
  {
    "featureType": "road.arterial",
    "elementType": "geometry.stroke",
    "stylers": [
      {
        "color": "#8a0e0e"
      }
    ]
  },
  {
    "featureType": "road.local",
    "elementType": "all",
    "stylers": [
      {
        "color": "#f8fbfc"
      }
    ]
  },
  {
    "featureType": "road.local",
    "elementType": "labels.text",
    "stylers": [
      {
        "color": "#979a9c"
      },
      {
        "visibility": "on"
      },
      {
        "weight": 0.5
      }
    ]
  },
  {
    "featureType": "road.local",
    "elementType": "labels.text.fill",
    "stylers": [
      {
        "visibility": "on"
      },
      {
        "color": "#827e7e"
      }
    ]
  },
  {
    "featureType": "road.local",
    "elementType": "labels.text.stroke",
    "stylers": [
      {
        "color": "#3b3c3c"
      },
      {
        "visibility": "off"
      }
    ]
  },
  {
    "featureType": "transit.line",
    "elementType": "geometry.stroke",
    "stylers": [
      {
        "weight": "5.39"
      }
    ]
  },
  {
    "featureType": "water",
    "elementType": "geometry.fill",
    "stylers": [
      {
        "color": "#a6cbe3"
      },
      {
        "visibility": "on"
      }
    ]
  }
]