{"v":"5.7.5","fr":29.9700012207031,"ip":0,"op":90.0000036657751,"w":500,"h":500,"nm":"Payment Processing","ddd":0,"assets":[],"layers":[{"ddd":0,"ind":1,"ty":4,"nm":"Internet Outlines","sr":1,"ks":{"o":{"a":0,"k":100,"ix":11},"r":{"a":0,"k":0,"ix":10},"p":{"a":0,"k":[346.441,150.043,0],"ix":2,"l":2},"a":{"a":0,"k":[27.049,27.049,0],"ix":1,"l":2},"s":{"a":1,"k":[{"i":{"x":[0.833,0.833,0.833],"y":[0.833,0.833,0.833]},"o":{"x":[0.167,0.167,0.167],"y":[0.167,0.167,0.167]},"t":0,"s":[100,100,100]},{"i":{"x":[0.833,0.833,0.833],"y":[0.833,0.833,0.833]},"o":{"x":[0.167,0.167,0.167],"y":[0.167,0.167,0.167]},"t":30,"s":[91,91,100]},{"i":{"x":[0.833,0.833,0.833],"y":[0.833,0.833,0.833]},"o":{"x":[0.167,0.167,0.167],"y":[0.167,0.167,0.167]},"t":56,"s":[111,111,100]},{"t":89.0000036250443,"s":[100,100,100]}],"ix":6,"l":2}},"ao":0,"shapes":[{"ty":"gr","it":[{"ind":0,"ty":"sh","ix":1,"ks":{"a":0,"k":{"i":[[-3.778,-4.554],[-2.53,0.675],[0.044,4.485],[0,0]],"o":[[2.302,-1.247],[-1.241,-4.31],[0,0],[0.209,5.914]],"v":[[-0.561,8.073],[6.71,5.18],[4.775,-8.073],[-6.71,-8.073]],"c":true},"ix":2},"nm":"Path 1","mn":"ADBE Vector Shape - Group","hd":false},{"ty":"fl","c":{"a":0,"k":[0.270999983245,0.250999989229,0.383999992819,1],"ix":4},"o":{"a":0,"k":100,"ix":5},"r":1,"bm":0,"nm":"Fill 1","mn":"ADBE Vector Graphic - Fill","hd":false},{"ty":"tr","p":{"a":0,"k":[6.961,36.133],"ix":2},"a":{"a":0,"k":[0,0],"ix":1},"s":{"a":0,"k":[100,100],"ix":3},"r":{"a":0,"k":0,"ix":6},"o":{"a":0,"k":100,"ix":7},"sk":{"a":0,"k":0,"ix":4},"sa":{"a":0,"k":0,"ix":5},"nm":"Transform"}],"nm":"Group 1","np":2,"cix":2,"bm":0,"ix":1,"mn":"ADBE Vector Group","hd":false},{"ty":"gr","it":[{"ind":0,"ty":"sh","ix":1,"ks":{"a":0,"k":{"i":[[-0.155,-0.152],[-0.183,-0.172],[-0.165,-0.147],[-0.187,-0.159],[-0.166,-0.134],[-0.203,-0.149],[-0.176,-0.133],[-0.204,-0.138],[-0.183,-0.116],[-0.213,-0.127],[-0.188,-0.107],[-0.217,-0.115],[-0.192,-0.095],[-0.229,-0.107],[-0.198,-0.086],[-0.229,-0.096],[-0.199,-0.075],[-0.235,-0.078],[-0.202,-0.064],[-0.246,-0.071],[-0.201,-0.054],[-0.078,-0.02],[1.183,3.771],[2.089,-1.08],[-0.028,-0.03]],"o":[[0.178,0.175],[0.159,0.148],[0.186,0.166],[0.165,0.139],[0.192,0.156],[0.173,0.125],[0.2,0.144],[0.178,0.125],[0.206,0.133],[0.184,0.111],[0.214,0.123],[0.191,0.095],[0.221,0.112],[0.191,0.09],[0.226,0.101],[0.197,0.08],[0.232,0.089],[0.199,0.07],[0.239,0.077],[0.2,0.058],[0.077,0.022],[-2.836,-2.754],[-2.273,0.599],[0.027,0.028],[0.14,0.156]],"v":[[-5.808,-1.895],[-5.27,-1.37],[-4.784,-0.937],[-4.221,-0.446],[-3.72,-0.038],[-3.133,0.42],[-2.609,0.804],[-2.002,1.23],[-1.459,1.584],[-0.833,1.973],[-0.274,2.3],[0.372,2.657],[0.947,2.954],[1.618,3.278],[2.202,3.544],[2.886,3.831],[3.479,4.067],[4.183,4.317],[4.784,4.523],[5.508,4.742],[6.109,4.912],[6.342,4.971],[0.221,-4.971],[-6.342,-2.443],[-6.259,-2.355]],"c":true},"ix":2},"nm":"Path 1","mn":"ADBE Vector Shape - Group","hd":false},{"ty":"fl","c":{"a":0,"k":[0.270999983245,0.250999989229,0.383999992819,1],"ix":4},"o":{"a":0,"k":100,"ix":5},"r":1,"bm":0,"nm":"Fill 1","mn":"ADBE Vector Graphic - Fill","hd":false},{"ty":"tr","p":{"a":0,"k":[14.047,48.103],"ix":2},"a":{"a":0,"k":[0,0],"ix":1},"s":{"a":0,"k":[100,100],"ix":3},"r":{"a":0,"k":0,"ix":6},"o":{"a":0,"k":100,"ix":7},"sk":{"a":0,"k":0,"ix":4},"sa":{"a":0,"k":0,"ix":5},"nm":"Transform"}],"nm":"Group 2","np":2,"cix":2,"bm":0,"ix":2,"mn":"ADBE Vector Group","hd":false},{"ty":"gr","it":[{"ind":0,"ty":"sh","ix":1,"ks":{"a":0,"k":{"i":[[-2.833,2.752],[0,0],[0.201,-0.058],[0.242,-0.078],[0.2,-0.069],[0.231,-0.085],[0.198,-0.081],[0,0],[0.196,-0.091],[0.218,-0.111],[0.191,-0.102],[0.211,-0.12],[0.186,-0.113],[0.205,-0.133],[0.181,-0.122],[0.198,-0.142],[0.174,-0.133],[0.197,-0.152],[0.167,-0.142],[0.182,-0.163],[0.161,-0.152],[0.177,-0.175],[0.151,-0.156],[0.03,-0.029],[-2.274,-0.599]],"o":[[0,0],[-0.204,0.053],[-0.241,0.071],[-0.203,0.066],[-0.234,0.083],[-0.201,0.076],[0,0],[-0.197,0.087],[-0.22,0.104],[-0.191,0.097],[-0.215,0.115],[-0.191,0.107],[-0.208,0.125],[-0.185,0.117],[-0.202,0.137],[-0.178,0.126],[-0.196,0.148],[-0.17,0.137],[-0.191,0.158],[-0.164,0.145],[-0.181,0.169],[-0.154,0.153],[-0.027,0.029],[2.089,1.079],[1.182,-3.768]],"v":[[6.342,-4.968],[6.109,-4.911],[5.503,-4.739],[4.782,-4.519],[4.178,-4.314],[3.479,-4.063],[2.882,-3.825],[2.201,-3.538],[1.613,-3.27],[0.954,-2.949],[0.38,-2.649],[-0.261,-2.296],[-0.826,-1.967],[-1.445,-1.583],[-1.993,-1.223],[-2.592,-0.804],[-3.122,-0.42],[-3.702,0.033],[-4.212,0.446],[-4.77,0.932],[-5.26,1.37],[-5.796,1.891],[-6.258,2.351],[-6.342,2.442],[0.222,4.968]],"c":true},"ix":2},"nm":"Path 1","mn":"ADBE Vector Shape - Group","hd":false},{"ty":"fl","c":{"a":0,"k":[0.270999983245,0.250999989229,0.383999992819,1],"ix":4},"o":{"a":0,"k":100,"ix":5},"r":1,"bm":0,"nm":"Fill 1","mn":"ADBE Vector Graphic - Fill","hd":false},{"ty":"tr","p":{"a":0,"k":[14.038,6.101],"ix":2},"a":{"a":0,"k":[0,0],"ix":1},"s":{"a":0,"k":[100,100],"ix":3},"r":{"a":0,"k":0,"ix":6},"o":{"a":0,"k":100,"ix":7},"sk":{"a":0,"k":0,"ix":4},"sa":{"a":0,"k":0,"ix":5},"nm":"Transform"}],"nm":"Group 3","np":2,"cix":2,"bm":0,"ix":3,"mn":"ADBE Vector Group","hd":false},{"ty":"gr","it":[{"ind":0,"ty":"sh","ix":1,"ks":{"a":0,"k":{"i":[[0,0],[3.464,0.788],[0.047,-4.327],[0,0]],"o":[[-3.552,-0.045],[-1.201,4.157],[0,0],[0,0]],"v":[[6.215,-5.14],[-4.339,-6.393],[-6.22,6.393],[6.22,6.393]],"c":true},"ix":2},"nm":"Path 1","mn":"ADBE Vector Shape - Group","hd":false},{"ty":"fl","c":{"a":0,"k":[0.270999983245,0.250999989229,0.383999992819,1],"ix":4},"o":{"a":0,"k":100,"ix":5},"r":1,"bm":0,"nm":"Fill 1","mn":"ADBE Vector Graphic - Fill","hd":false},{"ty":"tr","p":{"a":0,"k":[19.875,19.763],"ix":2},"a":{"a":0,"k":[0,0],"ix":1},"s":{"a":0,"k":[100,100],"ix":3},"r":{"a":0,"k":0,"ix":6},"o":{"a":0,"k":100,"ix":7},"sk":{"a":0,"k":0,"ix":4},"sa":{"a":0,"k":0,"ix":5},"nm":"Transform"}],"nm":"Group 4","np":2,"cix":2,"bm":0,"ix":4,"mn":"ADBE Vector Group","hd":false},{"ty":"gr","it":[{"ind":0,"ty":"sh","ix":1,"ks":{"a":0,"k":{"i":[[0,0],[2.26,-6.317],[-3.349,-0.047]],"o":[[-4.099,0.583],[3.268,0.733],[0,0]],"v":[[4.976,-6.175],[-4.976,5.002],[4.976,6.175]],"c":true},"ix":2},"nm":"Path 1","mn":"ADBE Vector Shape - Group","hd":false},{"ty":"fl","c":{"a":0,"k":[0.270999983245,0.250999989229,0.383999992819,1],"ix":4},"o":{"a":0,"k":100,"ix":5},"r":1,"bm":0,"nm":"Fill 1","mn":"ADBE Vector Graphic - Fill","hd":false},{"ty":"tr","p":{"a":0,"k":[21.114,6.532],"ix":2},"a":{"a":0,"k":[0,0],"ix":1},"s":{"a":0,"k":[100,100],"ix":3},"r":{"a":0,"k":0,"ix":6},"o":{"a":0,"k":100,"ix":7},"sk":{"a":0,"k":0,"ix":4},"sa":{"a":0,"k":0,"ix":5},"nm":"Transform"}],"nm":"Group 5","np":2,"cix":2,"bm":0,"ix":5,"mn":"ADBE Vector Group","hd":false},{"ty":"gr","it":[{"ind":0,"ty":"sh","ix":1,"ks":{"a":0,"k":{"i":[[0,0],[0,0],[-1.202,-4.157],[-3.553,0.045]],"o":[[0,0],[0.046,4.327],[3.464,-0.788],[0,0]],"v":[[6.22,-6.393],[-6.22,-6.393],[-4.34,6.393],[6.215,5.14]],"c":true},"ix":2},"nm":"Path 1","mn":"ADBE Vector Shape - Group","hd":false},{"ty":"fl","c":{"a":0,"k":[0.270999983245,0.250999989229,0.383999992819,1],"ix":4},"o":{"a":0,"k":100,"ix":5},"r":1,"bm":0,"nm":"Fill 1","mn":"ADBE Vector Graphic - Fill","hd":false},{"ty":"tr","p":{"a":0,"k":[19.87,34.454],"ix":2},"a":{"a":0,"k":[0,0],"ix":1},"s":{"a":0,"k":[100,100],"ix":3},"r":{"a":0,"k":0,"ix":6},"o":{"a":0,"k":100,"ix":7},"sk":{"a":0,"k":0,"ix":4},"sa":{"a":0,"k":0,"ix":5},"nm":"Transform"}],"nm":"Group 6","np":2,"cix":2,"bm":0,"ix":6,"mn":"ADBE Vector Group","hd":false},{"ty":"gr","it":[{"ind":0,"ty":"sh","ix":1,"ks":{"a":0,"k":{"i":[[-4.098,-0.584],[0,0],[3.268,-0.732]],"o":[[0,0],[-3.349,0.047],[2.263,6.317]],"v":[[4.976,6.174],[4.976,-6.174],[-4.976,-5.002]],"c":true},"ix":2},"nm":"Path 1","mn":"ADBE Vector Shape - Group","hd":false},{"ty":"fl","c":{"a":0,"k":[0.270999983245,0.250999989229,0.383999992819,1],"ix":4},"o":{"a":0,"k":100,"ix":5},"r":1,"bm":0,"nm":"Fill 1","mn":"ADBE Vector Graphic - Fill","hd":false},{"ty":"tr","p":{"a":0,"k":[21.114,47.674],"ix":2},"a":{"a":0,"k":[0,0],"ix":1},"s":{"a":0,"k":[100,100],"ix":3},"r":{"a":0,"k":0,"ix":6},"o":{"a":0,"k":100,"ix":7},"sk":{"a":0,"k":0,"ix":4},"sa":{"a":0,"k":0,"ix":5},"nm":"Transform"}],"nm":"Group 7","np":2,"cix":2,"bm":0,"ix":7,"mn":"ADBE Vector Group","hd":false},{"ty":"gr","it":[{"ind":0,"ty":"sh","ix":1,"ks":{"a":0,"k":{"i":[[0.208,-5.914],[0,0],[-1.24,4.31],[2.301,1.247]],"o":[[0,0],[0.044,-4.485],[-2.529,-0.675],[-3.778,4.554]],"v":[[-6.71,8.073],[4.775,8.073],[6.71,-5.18],[-0.561,-8.073]],"c":true},"ix":2},"nm":"Path 1","mn":"ADBE Vector Shape - Group","hd":false},{"ty":"fl","c":{"a":0,"k":[0.270999983245,0.250999989229,0.383999992819,1],"ix":4},"o":{"a":0,"k":100,"ix":5},"r":1,"bm":0,"nm":"Fill 1","mn":"ADBE Vector Graphic - Fill","hd":false},{"ty":"tr","p":{"a":0,"k":[6.96,18.072],"ix":2},"a":{"a":0,"k":[0,0],"ix":1},"s":{"a":0,"k":[100,100],"ix":3},"r":{"a":0,"k":0,"ix":6},"o":{"a":0,"k":100,"ix":7},"sk":{"a":0,"k":0,"ix":4},"sa":{"a":0,"k":0,"ix":5},"nm":"Transform"}],"nm":"Group 8","np":2,"cix":2,"bm":0,"ix":8,"mn":"ADBE Vector Group","hd":false},{"ty":"gr","it":[{"ind":0,"ty":"sh","ix":1,"ks":{"a":0,"k":{"i":[[-2.092,1.082],[0.027,0.03],[0.154,0.152],[0.183,0.17],[0.163,0.148],[0.187,0.16],[0.166,0.134],[0.197,0.148],[0.177,0.133],[0.204,0.138],[0.182,0.115],[0.214,0.126],[0.182,0.105],[0.216,0.115],[0.192,0.095],[0.229,0.106],[0.199,0.086],[0.228,0.096],[0.199,0.075],[0.235,0.079],[0.201,0.064],[0.245,0.072],[0.2,0.054],[0.078,0.02],[-1.183,-3.771]],"o":[[-0.028,-0.029],[-0.151,-0.157],[-0.178,-0.175],[-0.158,-0.148],[-0.186,-0.164],[-0.166,-0.14],[-0.191,-0.156],[-0.173,-0.126],[-0.2,-0.144],[-0.179,-0.125],[-0.207,-0.133],[-0.183,-0.11],[-0.214,-0.123],[-0.192,-0.095],[-0.221,-0.112],[-0.191,-0.091],[-0.227,-0.101],[-0.198,-0.08],[-0.233,-0.089],[-0.2,-0.07],[-0.239,-0.078],[-0.2,-0.059],[-0.078,-0.021],[2.836,2.753],[2.276,-0.601]],"v":[[6.347,2.438],[6.264,2.35],[5.8,1.891],[5.264,1.369],[4.778,0.934],[4.215,0.443],[3.713,0.036],[3.128,-0.421],[2.604,-0.805],[1.997,-1.23],[1.454,-1.583],[0.827,-1.973],[0.269,-2.299],[-0.377,-2.656],[-0.951,-2.952],[-1.623,-3.277],[-2.206,-3.542],[-2.891,-3.83],[-3.484,-4.066],[-4.188,-4.316],[-4.788,-4.521],[-5.512,-4.742],[-6.114,-4.913],[-6.347,-4.971],[-0.225,4.971]],"c":true},"ix":2},"nm":"Path 1","mn":"ADBE Vector Shape - Group","hd":false},{"ty":"fl","c":{"a":0,"k":[0.270999983245,0.250999989229,0.383999992819,1],"ix":4},"o":{"a":0,"k":100,"ix":5},"r":1,"bm":0,"nm":"Fill 1","mn":"ADBE Vector Graphic - Fill","hd":false},{"ty":"tr","p":{"a":0,"k":[40.058,6.109],"ix":2},"a":{"a":0,"k":[0,0],"ix":1},"s":{"a":0,"k":[100,100],"ix":3},"r":{"a":0,"k":0,"ix":6},"o":{"a":0,"k":100,"ix":7},"sk":{"a":0,"k":0,"ix":4},"sa":{"a":0,"k":0,"ix":5},"nm":"Transform"}],"nm":"Group 9","np":2,"cix":2,"bm":0,"ix":9,"mn":"ADBE Vector Group","hd":false},{"ty":"gr","it":[{"ind":0,"ty":"sh","ix":1,"ks":{"a":0,"k":{"i":[[3.777,4.554],[2.529,-0.675],[-0.043,-4.484],[0,0]],"o":[[-2.301,1.247],[1.24,4.31],[0,0],[-0.209,-5.914]],"v":[[0.561,-8.073],[-6.709,-5.18],[-4.776,8.073],[6.709,8.073]],"c":true},"ix":2},"nm":"Path 1","mn":"ADBE Vector Shape - Group","hd":false},{"ty":"fl","c":{"a":0,"k":[0.270999983245,0.250999989229,0.383999992819,1],"ix":4},"o":{"a":0,"k":100,"ix":5},"r":1,"bm":0,"nm":"Fill 1","mn":"ADBE Vector Graphic - Fill","hd":false},{"ty":"tr","p":{"a":0,"k":[47.136,18.073],"ix":2},"a":{"a":0,"k":[0,0],"ix":1},"s":{"a":0,"k":[100,100],"ix":3},"r":{"a":0,"k":0,"ix":6},"o":{"a":0,"k":100,"ix":7},"sk":{"a":0,"k":0,"ix":4},"sa":{"a":0,"k":0,"ix":5},"nm":"Transform"}],"nm":"Group 10","np":2,"cix":2,"bm":0,"ix":10,"mn":"ADBE Vector Group","hd":false},{"ty":"gr","it":[{"ind":0,"ty":"sh","ix":1,"ks":{"a":0,"k":{"i":[[0,0],[-3.464,-0.788],[-0.047,4.327],[0,0]],"o":[[3.552,0.045],[1.201,-4.158],[0,0],[0,0]],"v":[[-6.215,5.139],[4.339,6.393],[6.22,-6.393],[-6.22,-6.393]],"c":true},"ix":2},"nm":"Path 1","mn":"ADBE Vector Shape - Group","hd":false},{"ty":"fl","c":{"a":0,"k":[0.270999983245,0.250999989229,0.383999992819,1],"ix":4},"o":{"a":0,"k":100,"ix":5},"r":1,"bm":0,"nm":"Fill 1","mn":"ADBE Vector Graphic - Fill","hd":false},{"ty":"tr","p":{"a":0,"k":[34.222,34.444],"ix":2},"a":{"a":0,"k":[0,0],"ix":1},"s":{"a":0,"k":[100,100],"ix":3},"r":{"a":0,"k":0,"ix":6},"o":{"a":0,"k":100,"ix":7},"sk":{"a":0,"k":0,"ix":4},"sa":{"a":0,"k":0,"ix":5},"nm":"Transform"}],"nm":"Group 11","np":2,"cix":2,"bm":0,"ix":11,"mn":"ADBE Vector Group","hd":false},{"ty":"gr","it":[{"ind":0,"ty":"sh","ix":1,"ks":{"a":0,"k":{"i":[[4.099,0.582],[0,0],[-3.268,0.732]],"o":[[0,0],[3.349,-0.048],[-2.256,-6.317]],"v":[[-4.976,-6.175],[-4.976,6.175],[4.976,5.002]],"c":true},"ix":2},"nm":"Path 1","mn":"ADBE Vector Shape - Group","hd":false},{"ty":"fl","c":{"a":0,"k":[0.270999983245,0.250999989229,0.383999992819,1],"ix":4},"o":{"a":0,"k":100,"ix":5},"r":1,"bm":0,"nm":"Fill 1","mn":"ADBE Vector Graphic - Fill","hd":false},{"ty":"tr","p":{"a":0,"k":[32.983,6.532],"ix":2},"a":{"a":0,"k":[0,0],"ix":1},"s":{"a":0,"k":[100,100],"ix":3},"r":{"a":0,"k":0,"ix":6},"o":{"a":0,"k":100,"ix":7},"sk":{"a":0,"k":0,"ix":4},"sa":{"a":0,"k":0,"ix":5},"nm":"Transform"}],"nm":"Group 12","np":2,"cix":2,"bm":0,"ix":12,"mn":"ADBE Vector Group","hd":false},{"ty":"gr","it":[{"ind":0,"ty":"sh","ix":1,"ks":{"a":0,"k":{"i":[[0,0],[0,0],[1.201,4.158],[3.553,-0.045]],"o":[[0,0],[-0.046,-4.327],[-3.464,0.788],[0,0]],"v":[[-6.219,6.393],[6.219,6.393],[4.339,-6.393],[-6.215,-5.139]],"c":true},"ix":2},"nm":"Path 1","mn":"ADBE Vector Shape - Group","hd":false},{"ty":"fl","c":{"a":0,"k":[0.270999983245,0.250999989229,0.383999992819,1],"ix":4},"o":{"a":0,"k":100,"ix":5},"r":1,"bm":0,"nm":"Fill 1","mn":"ADBE Vector Graphic - Fill","hd":false},{"ty":"tr","p":{"a":0,"k":[34.227,19.753],"ix":2},"a":{"a":0,"k":[0,0],"ix":1},"s":{"a":0,"k":[100,100],"ix":3},"r":{"a":0,"k":0,"ix":6},"o":{"a":0,"k":100,"ix":7},"sk":{"a":0,"k":0,"ix":4},"sa":{"a":0,"k":0,"ix":5},"nm":"Transform"}],"nm":"Group 13","np":2,"cix":2,"bm":0,"ix":13,"mn":"ADBE Vector Group","hd":false},{"ty":"gr","it":[{"ind":0,"ty":"sh","ix":1,"ks":{"a":0,"k":{"i":[[-0.209,5.914],[0,0],[1.24,-4.31],[-2.302,-1.247]],"o":[[0,0],[-0.044,4.484],[2.529,0.675],[3.779,-4.554]],"v":[[6.711,-8.073],[-4.776,-8.073],[-6.711,5.18],[0.56,8.073]],"c":true},"ix":2},"nm":"Path 1","mn":"ADBE Vector Shape - Group","hd":false},{"ty":"fl","c":{"a":0,"k":[0.270999983245,0.250999989229,0.383999992819,1],"ix":4},"o":{"a":0,"k":100,"ix":5},"r":1,"bm":0,"nm":"Fill 1","mn":"ADBE Vector Graphic - Fill","hd":false},{"ty":"tr","p":{"a":0,"k":[47.136,36.135],"ix":2},"a":{"a":0,"k":[0,0],"ix":1},"s":{"a":0,"k":[100,100],"ix":3},"r":{"a":0,"k":0,"ix":6},"o":{"a":0,"k":100,"ix":7},"sk":{"a":0,"k":0,"ix":4},"sa":{"a":0,"k":0,"ix":5},"nm":"Transform"}],"nm":"Group 14","np":2,"cix":2,"bm":0,"ix":14,"mn":"ADBE Vector Group","hd":false},{"ty":"gr","it":[{"ind":0,"ty":"sh","ix":1,"ks":{"a":0,"k":{"i":[[-0.2,0.056],[-0.24,0.077],[-0.199,0.068],[-0.234,0.085],[-0.198,0.08],[0,0],[-0.196,0.091],[-0.218,0.11],[-0.192,0.102],[-0.212,0.12],[-0.186,0.112],[0,0],[-0.181,0.123],[-0.199,0.141],[-0.173,0.132],[-0.192,0.153],[-0.168,0.14],[-0.183,0.165],[-0.159,0.148],[-0.178,0.175],[-0.151,0.157],[-0.029,0.03],[2.274,0.6],[2.835,-2.753],[0,0]],"o":[[0.242,-0.07],[0.202,-0.065],[0.236,-0.082],[0.2,-0.076],[0,0],[0.196,-0.087],[0.22,-0.104],[0.191,-0.098],[0.215,-0.115],[0.191,-0.109],[0,0],[0.185,-0.117],[0.202,-0.136],[0.177,-0.125],[0.192,-0.148],[0.17,-0.137],[0.191,-0.16],[0.164,-0.144],[0.183,-0.171],[0.154,-0.153],[0.028,-0.029],[-2.089,-1.079],[-1.182,3.771],[0,0],[0.206,-0.06]],"v":[[-5.5,4.731],[-4.776,4.514],[-4.177,4.309],[-3.473,4.059],[-2.878,3.822],[-2.195,3.535],[-1.608,3.266],[-0.949,2.946],[-0.374,2.645],[0.267,2.292],[0.828,1.963],[1.448,1.58],[1.995,1.221],[2.595,0.8],[3.124,0.417],[3.704,-0.036],[4.214,-0.447],[4.772,-0.937],[5.258,-1.372],[5.797,-1.895],[6.258,-2.355],[6.342,-2.445],[-0.22,-4.971],[-6.342,4.971],[-6.108,4.915]],"c":true},"ix":2},"nm":"Path 1","mn":"ADBE Vector Shape - Group","hd":false},{"ty":"fl","c":{"a":0,"k":[0.270999983245,0.250999989229,0.383999992819,1],"ix":4},"o":{"a":0,"k":100,"ix":5},"r":1,"bm":0,"nm":"Fill 1","mn":"ADBE Vector Graphic - Fill","hd":false},{"ty":"tr","p":{"a":0,"k":[40.056,48.113],"ix":2},"a":{"a":0,"k":[0,0],"ix":1},"s":{"a":0,"k":[100,100],"ix":3},"r":{"a":0,"k":0,"ix":6},"o":{"a":0,"k":100,"ix":7},"sk":{"a":0,"k":0,"ix":4},"sa":{"a":0,"k":0,"ix":5},"nm":"Transform"}],"nm":"Group 15","np":2,"cix":2,"bm":0,"ix":15,"mn":"ADBE Vector Group","hd":false},{"ty":"gr","it":[{"ind":0,"ty":"sh","ix":1,"ks":{"a":0,"k":{"i":[[0,0],[-2.261,6.317],[3.349,0.047]],"o":[[4.099,-0.583],[-3.268,-0.732],[0,0]],"v":[[-4.976,6.174],[4.976,-5.002],[-4.976,-6.174]],"c":true},"ix":2},"nm":"Path 1","mn":"ADBE Vector Shape - Group","hd":false},{"ty":"fl","c":{"a":0,"k":[0.270999983245,0.250999989229,0.383999992819,1],"ix":4},"o":{"a":0,"k":100,"ix":5},"r":1,"bm":0,"nm":"Fill 1","mn":"ADBE Vector Graphic - Fill","hd":false},{"ty":"tr","p":{"a":0,"k":[32.983,47.674],"ix":2},"a":{"a":0,"k":[0,0],"ix":1},"s":{"a":0,"k":[100,100],"ix":3},"r":{"a":0,"k":0,"ix":6},"o":{"a":0,"k":100,"ix":7},"sk":{"a":0,"k":0,"ix":4},"sa":{"a":0,"k":0,"ix":5},"nm":"Transform"}],"nm":"Group 16","np":2,"cix":2,"bm":0,"ix":16,"mn":"ADBE Vector Group","hd":false},{"ty":"gr","it":[{"ind":0,"ty":"sh","ix":1,"ks":{"a":0,"k":{"i":[[-14.801,0],[0,-14.801],[14.801,0],[0,14.801]],"o":[[14.801,0],[0,14.801],[-14.801,0],[0,-14.801]],"v":[[0,-26.799],[26.799,0],[0,26.799],[-26.799,0]],"c":true},"ix":2},"nm":"Path 1","mn":"ADBE Vector Shape - Group","hd":false},{"ty":"fl","c":{"a":0,"k":[0.475,0.463000009574,0.556999954523,1],"ix":4},"o":{"a":0,"k":100,"ix":5},"r":1,"bm":0,"nm":"Fill 1","mn":"ADBE Vector Graphic - Fill","hd":false},{"ty":"tr","p":{"a":0,"k":[27.049,27.049],"ix":2},"a":{"a":0,"k":[0,0],"ix":1},"s":{"a":0,"k":[100,100],"ix":3},"r":{"a":0,"k":0,"ix":6},"o":{"a":0,"k":100,"ix":7},"sk":{"a":0,"k":0,"ix":4},"sa":{"a":0,"k":0,"ix":5},"nm":"Transform"}],"nm":"Group 17","np":2,"cix":2,"bm":0,"ix":17,"mn":"ADBE Vector Group","hd":false}],"ip":0,"op":90.0000036657751,"st":0,"bm":0},{"ddd":0,"ind":2,"ty":4,"nm":"Loader Outlines","sr":1,"ks":{"o":{"a":0,"k":100,"ix":11},"r":{"a":1,"k":[{"i":{"x":[0.833],"y":[0.833]},"o":{"x":[0.167],"y":[0.167]},"t":0,"s":[0]},{"t":89.0000036250443,"s":[1080]}],"ix":10},"p":{"a":0,"k":[251.362,247.059,0],"ix":2,"l":2},"a":{"a":0,"k":[20.446,20.926,0],"ix":1,"l":2},"s":{"a":0,"k":[100,100,100],"ix":6,"l":2}},"ao":0,"shapes":[{"ty":"gr","it":[{"ind":0,"ty":"sh","ix":1,"ks":{"a":0,"k":{"i":[[-2.792,0],[0,-2.791],[2.791,0],[0,2.791]],"o":[[2.791,0],[0,2.791],[-2.792,0],[0,-2.791]],"v":[[0,-5.054],[5.054,0],[0,5.054],[-5.054,0]],"c":true},"ix":2},"nm":"Path 1","mn":"ADBE Vector Shape - Group","hd":false},{"ty":"fl","c":{"a":0,"k":[0.270999983245,0.250999989229,0.383999992819,1],"ix":4},"o":{"a":0,"k":100,"ix":5},"r":1,"bm":0,"nm":"Fill 1","mn":"ADBE Vector Graphic - Fill","hd":false},{"ty":"tr","p":{"a":0,"k":[20.808,5.304],"ix":2},"a":{"a":0,"k":[0,0],"ix":1},"s":{"a":0,"k":[100,100],"ix":3},"r":{"a":0,"k":0,"ix":6},"o":{"a":0,"k":100,"ix":7},"sk":{"a":0,"k":0,"ix":4},"sa":{"a":0,"k":0,"ix":5},"nm":"Transform"}],"nm":"Group 1","np":2,"cix":2,"bm":0,"ix":1,"mn":"ADBE Vector Group","hd":false},{"ty":"gr","it":[{"ind":0,"ty":"sh","ix":1,"ks":{"a":0,"k":{"i":[[-1.375,-0.001],[-0.001,2.567],[2.567,0.001],[0,-2.566],[-0.7,-0.836]],"o":[[2.566,0],[0,-2.565],[-2.565,-0.001],[-0.001,1.091],[0.883,1.054]],"v":[[-0.001,4.647],[4.647,0.001],[0.001,-4.646],[-4.646,-0.001],[-3.563,2.982]],"c":true},"ix":2},"nm":"Path 1","mn":"ADBE Vector Shape - Group","hd":false},{"ty":"fl","c":{"a":0,"k":[0.270999983245,0.250999989229,0.383999992819,1],"ix":4},"o":{"a":0,"k":100,"ix":5},"r":1,"bm":0,"nm":"Fill 1","mn":"ADBE Vector Graphic - Fill","hd":false},{"ty":"tr","p":{"a":0,"k":[10.3,9.129],"ix":2},"a":{"a":0,"k":[0,0],"ix":1},"s":{"a":0,"k":[100,100],"ix":3},"r":{"a":0,"k":0,"ix":6},"o":{"a":0,"k":100,"ix":7},"sk":{"a":0,"k":0,"ix":4},"sa":{"a":0,"k":0,"ix":5},"nm":"Transform"}],"nm":"Group 2","np":2,"cix":2,"bm":0,"ix":2,"mn":"ADBE Vector Group","hd":false},{"ty":"gr","it":[{"ind":0,"ty":"sh","ix":1,"ks":{"a":0,"k":{"i":[[-0.261,0],[0.004,2.457],[2.123,0.375],[0.261,0],[-0.004,-2.457],[-2.123,-0.374]],"o":[[2.457,-0.004],[-0.004,-2.156],[-0.257,-0.044],[-2.457,0.004],[0.003,2.155],[0.258,0.046]],"v":[[0.007,4.448],[4.448,-0.008],[0.773,-4.382],[-0.007,-4.448],[-4.448,0.008],[-0.772,4.38]],"c":true},"ix":2},"nm":"Path 1","mn":"ADBE Vector Shape - Group","hd":false},{"ty":"fl","c":{"a":0,"k":[0.270999983245,0.250999989229,0.383999992819,1],"ix":4},"o":{"a":0,"k":100,"ix":5},"r":1,"bm":0,"nm":"Fill 1","mn":"ADBE Vector Graphic - Fill","hd":false},{"ty":"tr","p":{"a":0,"k":[4.701,18.817],"ix":2},"a":{"a":0,"k":[0,0],"ix":1},"s":{"a":0,"k":[100,100],"ix":3},"r":{"a":0,"k":0,"ix":6},"o":{"a":0,"k":100,"ix":7},"sk":{"a":0,"k":0,"ix":4},"sa":{"a":0,"k":0,"ix":5},"nm":"Transform"}],"nm":"Group 3","np":2,"cix":2,"bm":0,"ix":3,"mn":"ADBE Vector Group","hd":false},{"ty":"gr","it":[{"ind":0,"ty":"sh","ix":1,"ks":{"a":0,"k":{"i":[[0.014,0.024],[2.033,-1.172],[0,0],[-1.173,-2.032],[-2.045,1.154],[1.154,2.045]],"o":[[-1.173,-2.033],[-0.001,0.001],[-2.033,1.174],[1.154,2.045],[2.045,-1.154],[-0.014,-0.024]],"v":[[3.67,-2.145],[-2.134,-3.701],[-2.137,-3.701],[-3.693,2.105],[2.098,3.719],[3.712,-2.071]],"c":true},"ix":2},"nm":"Path 1","mn":"ADBE Vector Shape - Group","hd":false},{"ty":"fl","c":{"a":0,"k":[0.270999983245,0.250999989229,0.383999992819,1],"ix":4},"o":{"a":0,"k":100,"ix":5},"r":1,"bm":0,"nm":"Fill 1","mn":"ADBE Vector Graphic - Fill","hd":false},{"ty":"tr","p":{"a":0,"k":[6.658,29.848],"ix":2},"a":{"a":0,"k":[0,0],"ix":1},"s":{"a":0,"k":[100,100],"ix":3},"r":{"a":0,"k":0,"ix":6},"o":{"a":0,"k":100,"ix":7},"sk":{"a":0,"k":0,"ix":4},"sa":{"a":0,"k":0,"ix":5},"nm":"Transform"}],"nm":"Group 4","np":2,"cix":2,"bm":0,"ix":4,"mn":"ADBE Vector Group","hd":false},{"ty":"gr","it":[{"ind":0,"ty":"sh","ix":1,"ks":{"a":0,"k":{"i":[[1.01,0.368],[0.769,-2.105],[-2.105,-0.769],[-0.769,2.104],[0.455,0.977]],"o":[[-2.105,-0.77],[-0.769,2.105],[2.104,0.769],[0.37,-1.013],[-0.453,-0.975]],"v":[[1.593,-3.811],[-3.612,-1.392],[-1.193,3.812],[4.011,1.394],[3.878,-1.714]],"c":true},"ix":2},"nm":"Path 1","mn":"ADBE Vector Shape - Group","hd":false},{"ty":"fl","c":{"a":0,"k":[0.270999983245,0.250999989229,0.383999992819,1],"ix":4},"o":{"a":0,"k":100,"ix":5},"r":1,"bm":0,"nm":"Fill 1","mn":"ADBE Vector Graphic - Fill","hd":false},{"ty":"tr","p":{"a":0,"k":[15.007,37.021],"ix":2},"a":{"a":0,"k":[0,0],"ix":1},"s":{"a":0,"k":[100,100],"ix":3},"r":{"a":0,"k":0,"ix":6},"o":{"a":0,"k":100,"ix":7},"sk":{"a":0,"k":0,"ix":4},"sa":{"a":0,"k":0,"ix":5},"nm":"Transform"}],"nm":"Group 5","np":2,"cix":2,"bm":0,"ix":5,"mn":"ADBE Vector Group","hd":false},{"ty":"gr","it":[{"ind":0,"ty":"sh","ix":1,"ks":{"a":0,"k":{"i":[[1.62,0],[0,-2.128],[-2.127,0.001],[0,2.128],[0.153,0.421]],"o":[[-2.128,0],[0.001,2.126],[2.128,0],[0,-0.448],[-0.555,-1.523]],"v":[[-0.001,-3.852],[-3.853,0.001],[0,3.851],[3.853,-0.001],[3.62,-1.315]],"c":true},"ix":2},"nm":"Path 1","mn":"ADBE Vector Shape - Group","hd":false},{"ty":"fl","c":{"a":0,"k":[0.270999983245,0.250999989229,0.383999992819,1],"ix":4},"o":{"a":0,"k":100,"ix":5},"r":1,"bm":0,"nm":"Fill 1","mn":"ADBE Vector Graphic - Fill","hd":false},{"ty":"tr","p":{"a":0,"k":[26.4,37.016],"ix":2},"a":{"a":0,"k":[0,0],"ix":1},"s":{"a":0,"k":[100,100],"ix":3},"r":{"a":0,"k":0,"ix":6},"o":{"a":0,"k":100,"ix":7},"sk":{"a":0,"k":0,"ix":4},"sa":{"a":0,"k":0,"ix":5},"nm":"Transform"}],"nm":"Group 6","np":2,"cix":2,"bm":0,"ix":6,"mn":"ADBE Vector Group","hd":false},{"ty":"gr","it":[{"ind":0,"ty":"sh","ix":1,"ks":{"a":0,"k":{"i":[[0.006,0.003],[1.011,-1.748],[-1.748,-1.011],[-1.01,1.748],[0,0],[1.74,1.012]],"o":[[-1.748,-1.01],[-1.01,1.749],[1.748,1.01],[0,0],[1.012,-1.741],[-0.006,-0.003]],"v":[[1.828,-3.166],[-3.168,-1.83],[-1.831,3.166],[3.164,1.829],[3.165,1.828],[1.846,-3.156]],"c":true},"ix":2},"nm":"Path 1","mn":"ADBE Vector Shape - Group","hd":false},{"ty":"fl","c":{"a":0,"k":[0.270999983245,0.250999989229,0.383999992819,1],"ix":4},"o":{"a":0,"k":100,"ix":5},"r":1,"bm":0,"nm":"Fill 1","mn":"ADBE Vector Graphic - Fill","hd":false},{"ty":"tr","p":{"a":0,"k":[34.966,29.83],"ix":2},"a":{"a":0,"k":[0,0],"ix":1},"s":{"a":0,"k":[100,100],"ix":3},"r":{"a":0,"k":0,"ix":6},"o":{"a":0,"k":100,"ix":7},"sk":{"a":0,"k":0,"ix":4},"sa":{"a":0,"k":0,"ix":5},"nm":"Transform"}],"nm":"Group 7","np":2,"cix":2,"bm":0,"ix":7,"mn":"ADBE Vector Group","hd":false},{"ty":"gr","it":[{"ind":0,"ty":"sh","ix":1,"ks":{"a":0,"k":{"i":[[1.671,0.007],[0.2,-0.035],[-0.328,-1.881],[-1.679,-0.001],[-0.2,0.035],[0.336,1.879]],"o":[[-0.202,0],[-1.881,0.328],[0.289,1.655],[0.203,0],[1.88,-0.336],[-0.293,-1.644]],"v":[[0.009,-3.458],[-0.596,-3.405],[-3.408,0.594],[-0.003,3.458],[0.604,3.405],[3.4,-0.607]],"c":true},"ix":2},"nm":"Path 1","mn":"ADBE Vector Shape - Group","hd":false},{"ty":"fl","c":{"a":0,"k":[0.270999983245,0.250999989229,0.383999992819,1],"ix":4},"o":{"a":0,"k":100,"ix":5},"r":1,"bm":0,"nm":"Fill 1","mn":"ADBE Vector Graphic - Fill","hd":false},{"ty":"tr","p":{"a":0,"k":[36.905,18.82],"ix":2},"a":{"a":0,"k":[0,0],"ix":1},"s":{"a":0,"k":[100,100],"ix":3},"r":{"a":0,"k":0,"ix":6},"o":{"a":0,"k":100,"ix":7},"sk":{"a":0,"k":0,"ix":4},"sa":{"a":0,"k":0,"ix":5},"nm":"Transform"}],"nm":"Group 8","np":2,"cix":2,"bm":0,"ix":8,"mn":"ADBE Vector Group","hd":false},{"ty":"gr","it":[{"ind":0,"ty":"sh","ix":1,"ks":{"a":0,"k":{"i":[[0,0],[-1.156,1.38],[1.38,1.156],[1.157,-1.378],[-1.379,-1.158]],"o":[[1.38,1.156],[1.156,-1.379],[-1.377,-1.156],[-1.158,1.379],[0,0]],"v":[[-2.094,2.497],[2.498,2.093],[2.093,-2.498],[-2.496,-2.096],[-2.095,2.497]],"c":true},"ix":2},"nm":"Path 1","mn":"ADBE Vector Shape - Group","hd":false},{"ty":"fl","c":{"a":0,"k":[0.270999983245,0.250999989229,0.383999992819,1],"ix":4},"o":{"a":0,"k":100,"ix":5},"r":1,"bm":0,"nm":"Fill 1","mn":"ADBE Vector Graphic - Fill","hd":false},{"ty":"tr","p":{"a":0,"k":[31.316,9.13],"ix":2},"a":{"a":0,"k":[0,0],"ix":1},"s":{"a":0,"k":[100,100],"ix":3},"r":{"a":0,"k":0,"ix":6},"o":{"a":0,"k":100,"ix":7},"sk":{"a":0,"k":0,"ix":4},"sa":{"a":0,"k":0,"ix":5},"nm":"Transform"}],"nm":"Group 9","np":2,"cix":2,"bm":0,"ix":9,"mn":"ADBE Vector Group","hd":false}],"ip":0,"op":90.0000036657751,"st":0,"bm":0},{"ddd":0,"ind":3,"ty":4,"nm":"UPI Outlines","sr":1,"ks":{"o":{"a":0,"k":100,"ix":11},"r":{"a":1,"k":[{"i":{"x":[0.833],"y":[0.833]},"o":{"x":[0.167],"y":[0.167]},"t":0,"s":[0]},{"i":{"x":[0.833],"y":[0.833]},"o":{"x":[0.167],"y":[0.167]},"t":25,"s":[3]},{"i":{"x":[0.833],"y":[0.833]},"o":{"x":[0.167],"y":[0.167]},"t":50,"s":[-3]},{"i":{"x":[0.833],"y":[0.833]},"o":{"x":[0.167],"y":[0.167]},"t":70,"s":[3]},{"t":89.0000036250443,"s":[0]}],"ix":10},"p":{"a":1,"k":[{"i":{"x":0.833,"y":0.833},"o":{"x":0.167,"y":0.167},"t":0,"s":[112.972,249.6,0],"to":[1.833,0,0],"ti":[0.333,0,0]},{"i":{"x":0.833,"y":0.833},"o":{"x":0.167,"y":0.167},"t":25,"s":[123.972,249.6,0],"to":[-0.333,0,0],"ti":[0.5,0,0]},{"i":{"x":0.833,"y":0.833},"o":{"x":0.167,"y":0.167},"t":50,"s":[110.972,249.6,0],"to":[-0.5,0,0],"ti":[-0.338,0,0]},{"i":{"x":0.833,"y":0.833},"o":{"x":0.167,"y":0.167},"t":70,"s":[120.972,249.6,0],"to":[0.338,0,0],"ti":[1.329,0,0]},{"t":89.0000036250443,"s":[113,249.6,0]}],"ix":2,"l":2},"a":{"a":0,"k":[52.269,22.186,0],"ix":1,"l":2},"s":{"a":0,"k":[100,100,100],"ix":6,"l":2}},"ao":0,"shapes":[{"ty":"gr","it":[{"ind":0,"ty":"sh","ix":1,"ks":{"a":0,"k":{"i":[[0,0],[0,0],[0,0]],"o":[[0,0],[0,0],[0,0]],"v":[[0.292,-11.066],[5.854,0.001],[-5.854,11.066]],"c":true},"ix":2},"nm":"Path 1","mn":"ADBE Vector Shape - Group","hd":false},{"ty":"fl","c":{"a":0,"k":[0.475,0.463000009574,0.556999954523,1],"ix":4},"o":{"a":0,"k":100,"ix":5},"r":1,"bm":0,"nm":"Fill 1","mn":"ADBE Vector Graphic - Fill","hd":false},{"ty":"tr","p":{"a":0,"k":[83.591,21.393],"ix":2},"a":{"a":0,"k":[0,0],"ix":1},"s":{"a":0,"k":[100,100],"ix":3},"r":{"a":0,"k":0,"ix":6},"o":{"a":0,"k":100,"ix":7},"sk":{"a":0,"k":0,"ix":4},"sa":{"a":0,"k":0,"ix":5},"nm":"Transform"}],"nm":"Group 1","np":2,"cix":2,"bm":0,"ix":1,"mn":"ADBE Vector Group","hd":false},{"ty":"gr","it":[{"ind":0,"ty":"sh","ix":1,"ks":{"a":0,"k":{"i":[[0,0],[0,0],[0,0]],"o":[[0,0],[0,0],[0,0]],"v":[[0.286,-11.066],[5.849,0.001],[-5.849,11.066]],"c":true},"ix":2},"nm":"Path 1","mn":"ADBE Vector Shape - Group","hd":false},{"ty":"fl","c":{"a":0,"k":[0.344999994016,0.325,0.455000005984,1],"ix":4},"o":{"a":0,"k":100,"ix":5},"r":1,"bm":0,"nm":"Fill 1","mn":"ADBE Vector Graphic - Fill","hd":false},{"ty":"tr","p":{"a":0,"k":[87.506,21.393],"ix":2},"a":{"a":0,"k":[0,0],"ix":1},"s":{"a":0,"k":[100,100],"ix":3},"r":{"a":0,"k":0,"ix":6},"o":{"a":0,"k":100,"ix":7},"sk":{"a":0,"k":0,"ix":4},"sa":{"a":0,"k":0,"ix":5},"nm":"Transform"}],"nm":"Group 2","np":2,"cix":2,"bm":0,"ix":2,"mn":"ADBE Vector Group","hd":false},{"ty":"gr","it":[{"ind":0,"ty":"sh","ix":1,"ks":{"a":0,"k":{"i":[[0,0],[0.907,-0.004],[0,0],[0.324,0.429],[-0.191,0.522],[0,0],[0,0],[0,0],[0,0],[0,0],[0,0]],"o":[[-0.243,0.874],[0,0],[-0.536,0.038],[-0.31,-0.461],[0,0],[0,0],[0,0],[0,0],[0,0],[0,0],[0,0]],"v":[[10.328,9.557],[8.384,11.042],[-14.304,11.042],[-15.683,10.415],[-15.873,8.851],[-10.34,-11.079],[-5.941,-11.079],[-10.882,6.72],[6.723,6.72],[11.664,-11.079],[16.064,-11.079]],"c":true},"ix":2},"nm":"Path 1","mn":"ADBE Vector Shape - Group","hd":false},{"ty":"fl","c":{"a":0,"k":[0.475,0.463000009574,0.556999954523,1],"ix":4},"o":{"a":0,"k":100,"ix":5},"r":1,"bm":0,"nm":"Fill 1","mn":"ADBE Vector Graphic - Fill","hd":false},{"ty":"tr","p":{"a":0,"k":[27.186,21.429],"ix":2},"a":{"a":0,"k":[0,0],"ix":1},"s":{"a":0,"k":[100,100],"ix":3},"r":{"a":0,"k":0,"ix":6},"o":{"a":0,"k":100,"ix":7},"sk":{"a":0,"k":0,"ix":4},"sa":{"a":0,"k":0,"ix":5},"nm":"Transform"}],"nm":"Group 3","np":2,"cix":2,"bm":0,"ix":3,"mn":"ADBE Vector Group","hd":false},{"ty":"gr","it":[{"ind":0,"ty":"sh","ix":1,"ks":{"a":0,"k":{"i":[[0.312,0.481],[0.547,-0.045],[0,0],[0,0],[0,0],[0,0],[0,0],[0,0],[0,0],[0,0],[0,0],[0,0],[0,0],[-0.492,0.402],[-0.175,0.625],[0,0]],"o":[[-0.334,-0.435],[0,0],[0,0],[0,0],[0,0],[0,0],[0,0],[0,0],[0,0],[0,0],[0,0],[0,0],[0.635,-0.004],[0.521,-0.388],[0,0],[0.206,-0.535]],"v":[[15.67,-10.41],[14.256,-11.035],[-9.921,-11.035],[-11.114,-6.711],[10.878,-6.711],[9.594,-2.091],[-7.997,-2.091],[-7.997,-2.1],[-12.396,-2.1],[-16.045,11.081],[-11.645,11.081],[-9.2,2.24],[10.577,2.24],[12.32,1.612],[13.394,0.048],[15.839,-8.793]],"c":true},"ix":2},"nm":"Path 1","mn":"ADBE Vector Shape - Group","hd":false},{"ty":"fl","c":{"a":0,"k":[0.475,0.463000009574,0.556999954523,1],"ix":4},"o":{"a":0,"k":100,"ix":5},"r":1,"bm":0,"nm":"Fill 1","mn":"ADBE Vector Graphic - Fill","hd":false},{"ty":"tr","p":{"a":0,"k":[56.125,21.389],"ix":2},"a":{"a":0,"k":[0,0],"ix":1},"s":{"a":0,"k":[100,100],"ix":3},"r":{"a":0,"k":0,"ix":6},"o":{"a":0,"k":100,"ix":7},"sk":{"a":0,"k":0,"ix":4},"sa":{"a":0,"k":0,"ix":5},"nm":"Transform"}],"nm":"Group 4","np":2,"cix":2,"bm":0,"ix":4,"mn":"ADBE Vector Group","hd":false},{"ty":"gr","it":[{"ind":0,"ty":"sh","ix":1,"ks":{"a":0,"k":{"i":[[0,0],[0,0],[0,0],[0,0]],"o":[[0,0],[0,0],[0,0],[0,0]],"v":[[-0.858,11.04],[-5.258,11.04],[0.857,-11.04],[5.258,-11.04]],"c":true},"ix":2},"nm":"Path 1","mn":"ADBE Vector Shape - Group","hd":false},{"ty":"fl","c":{"a":0,"k":[0.475,0.463000009574,0.556999954523,1],"ix":4},"o":{"a":0,"k":100,"ix":5},"r":1,"bm":0,"nm":"Fill 1","mn":"ADBE Vector Graphic - Fill","hd":false},{"ty":"tr","p":{"a":0,"k":[74.936,21.328],"ix":2},"a":{"a":0,"k":[0,0],"ix":1},"s":{"a":0,"k":[100,100],"ix":3},"r":{"a":0,"k":0,"ix":6},"o":{"a":0,"k":100,"ix":7},"sk":{"a":0,"k":0,"ix":4},"sa":{"a":0,"k":0,"ix":5},"nm":"Transform"}],"nm":"Group 5","np":2,"cix":2,"bm":0,"ix":5,"mn":"ADBE Vector Group","hd":false},{"ty":"gr","it":[{"ind":0,"ty":"sh","ix":1,"ks":{"a":0,"k":{"i":[[-1.385,0],[0,0],[0,-1.385],[0,0],[1.385,0],[0,0],[0,1.385],[0,0]],"o":[[0,0],[1.385,0],[0,0],[0,1.385],[0,0],[-1.385,0],[0,0],[0,-1.385]],"v":[[-49.512,-21.936],[49.512,-21.936],[52.019,-19.428],[52.019,19.429],[49.512,21.936],[-49.512,21.936],[-52.019,19.429],[-52.019,-19.428]],"c":true},"ix":2},"nm":"Path 1","mn":"ADBE Vector Shape - Group","hd":false},{"ty":"fl","c":{"a":0,"k":[0.270999983245,0.250999989229,0.383999992819,1],"ix":4},"o":{"a":0,"k":100,"ix":5},"r":1,"bm":0,"nm":"Fill 1","mn":"ADBE Vector Graphic - Fill","hd":false},{"ty":"tr","p":{"a":0,"k":[52.269,22.186],"ix":2},"a":{"a":0,"k":[0,0],"ix":1},"s":{"a":0,"k":[100,100],"ix":3},"r":{"a":0,"k":0,"ix":6},"o":{"a":0,"k":100,"ix":7},"sk":{"a":0,"k":0,"ix":4},"sa":{"a":0,"k":0,"ix":5},"nm":"Transform"}],"nm":"Group 6","np":2,"cix":2,"bm":0,"ix":6,"mn":"ADBE Vector Group","hd":false}],"ip":0,"op":90.0000036657751,"st":0,"bm":0},{"ddd":0,"ind":4,"ty":4,"nm":"Card Outlines","sr":1,"ks":{"o":{"a":0,"k":100,"ix":11},"r":{"a":1,"k":[{"i":{"x":[0.833],"y":[0.833]},"o":{"x":[0.167],"y":[0.167]},"t":0,"s":[0]},{"i":{"x":[0.833],"y":[0.833]},"o":{"x":[0.167],"y":[0.167]},"t":25,"s":[-3]},{"i":{"x":[0.833],"y":[0.833]},"o":{"x":[0.167],"y":[0.167]},"t":50,"s":[2]},{"i":{"x":[0.833],"y":[0.833]},"o":{"x":[0.167],"y":[0.167]},"t":70,"s":[-3]},{"t":89.0000036250443,"s":[0]}],"ix":10},"p":{"a":1,"k":[{"i":{"x":0.833,"y":0.833},"o":{"x":0.167,"y":0.167},"t":0,"s":[385.124,318.879,0],"to":[-1.5,0,0],"ti":[0.021,0,0]},{"i":{"x":0.833,"y":0.833},"o":{"x":0.167,"y":0.167},"t":25,"s":[376.124,318.879,0],"to":[-0.021,0,0],"ti":[0.021,0,0]},{"i":{"x":0.833,"y":0.833},"o":{"x":0.167,"y":0.167},"t":50,"s":[385,318.879,0],"to":[-0.021,0,0],"ti":[-0.017,0,0]},{"i":{"x":0.833,"y":0.833},"o":{"x":0.167,"y":0.167},"t":70,"s":[376,318.879,0],"to":[0.017,0,0],"ti":[-1.517,0,0]},{"t":89.0000036250443,"s":[385.1,318.879,0]}],"ix":2,"l":2},"a":{"a":0,"k":[47.126,30.227,0],"ix":1,"l":2},"s":{"a":0,"k":[100,100,100],"ix":6,"l":2}},"ao":0,"shapes":[{"ty":"gr","it":[{"ind":0,"ty":"sh","ix":1,"ks":{"a":0,"k":{"i":[[-1.385,0],[0,0],[0,-1.385],[0,0],[1.385,0],[0,0],[0,1.385],[0,0]],"o":[[0,0],[1.385,0],[0,0],[0,1.385],[0,0],[-1.385,0],[0,0],[0,-1.385]],"v":[[-4.545,-2.567],[4.545,-2.567],[7.052,-0.06],[7.052,0.06],[4.545,2.567],[-4.545,2.567],[-7.052,0.06],[-7.052,-0.06]],"c":true},"ix":2},"nm":"Path 1","mn":"ADBE Vector Shape - Group","hd":false},{"ty":"fl","c":{"a":0,"k":[0.344999994016,0.325,0.455000005984,1],"ix":4},"o":{"a":0,"k":100,"ix":5},"r":1,"bm":0,"nm":"Fill 1","mn":"ADBE Vector Graphic - Fill","hd":false},{"ty":"tr","p":{"a":0,"k":[78.654,34.344],"ix":2},"a":{"a":0,"k":[0,0],"ix":1},"s":{"a":0,"k":[100,100],"ix":3},"r":{"a":0,"k":0,"ix":6},"o":{"a":0,"k":100,"ix":7},"sk":{"a":0,"k":0,"ix":4},"sa":{"a":0,"k":0,"ix":5},"nm":"Transform"}],"nm":"Group 1","np":2,"cix":2,"bm":0,"ix":1,"mn":"ADBE Vector Group","hd":false},{"ty":"gr","it":[{"ind":0,"ty":"sh","ix":1,"ks":{"a":0,"k":{"i":[[-1.385,0],[0,0],[0,-1.385],[0,0],[1.384,0],[0,0],[0,1.385],[0,0]],"o":[[0,0],[1.384,0],[0,0],[0,1.385],[0,0],[-1.385,0],[0,0],[0,-1.385]],"v":[[-8.693,-2.567],[8.694,-2.567],[11.201,-0.06],[11.201,0.06],[8.694,2.567],[-8.693,2.567],[-11.201,0.06],[-11.201,-0.06]],"c":true},"ix":2},"nm":"Path 1","mn":"ADBE Vector Shape - Group","hd":false},{"ty":"fl","c":{"a":0,"k":[0.344999994016,0.325,0.455000005984,1],"ix":4},"o":{"a":0,"k":100,"ix":5},"r":1,"bm":0,"nm":"Fill 1","mn":"ADBE Vector Graphic - Fill","hd":false},{"ty":"tr","p":{"a":0,"k":[74.505,26.047],"ix":2},"a":{"a":0,"k":[0,0],"ix":1},"s":{"a":0,"k":[100,100],"ix":3},"r":{"a":0,"k":0,"ix":6},"o":{"a":0,"k":100,"ix":7},"sk":{"a":0,"k":0,"ix":4},"sa":{"a":0,"k":0,"ix":5},"nm":"Transform"}],"nm":"Group 2","np":2,"cix":2,"bm":0,"ix":2,"mn":"ADBE Vector Group","hd":false},{"ty":"gr","it":[{"ind":0,"ty":"sh","ix":1,"ks":{"a":0,"k":{"i":[[-1.385,0],[0,0],[0,-1.385],[0,0],[1.384,0],[0,0],[0,1.385],[0,0]],"o":[[0,0],[1.384,0],[0,0],[0,1.385],[0,0],[-1.385,0],[0,0],[0,-1.385]],"v":[[-8.693,-7.545],[8.694,-7.545],[11.201,-5.038],[11.201,5.038],[8.694,7.545],[-8.693,7.545],[-11.201,5.038],[-11.201,-5.038]],"c":true},"ix":2},"nm":"Path 1","mn":"ADBE Vector Shape - Group","hd":false},{"ty":"fl","c":{"a":0,"k":[0.344999994016,0.325,0.455000005984,1],"ix":4},"o":{"a":0,"k":100,"ix":5},"r":1,"bm":0,"nm":"Fill 1","mn":"ADBE Vector Graphic - Fill","hd":false},{"ty":"tr","p":{"a":0,"k":[19.747,31.025],"ix":2},"a":{"a":0,"k":[0,0],"ix":1},"s":{"a":0,"k":[100,100],"ix":3},"r":{"a":0,"k":0,"ix":6},"o":{"a":0,"k":100,"ix":7},"sk":{"a":0,"k":0,"ix":4},"sa":{"a":0,"k":0,"ix":5},"nm":"Transform"}],"nm":"Group 3","np":2,"cix":2,"bm":0,"ix":3,"mn":"ADBE Vector Group","hd":false},{"ty":"gr","it":[{"ind":0,"ty":"sh","ix":1,"ks":{"a":0,"k":{"i":[[-2.077,0],[0,0],[0,-2.076],[0,0],[0,0],[0,0]],"o":[[0,0],[2.078,0],[0,0],[0,0],[0,0],[0,-2.076]],"v":[[-43.115,-8.375],[43.115,-8.375],[46.876,-4.615],[46.876,8.375],[-46.876,8.375],[-46.876,-4.615]],"c":true},"ix":2},"nm":"Path 1","mn":"ADBE Vector Shape - Group","hd":false},{"ty":"fl","c":{"a":0,"k":[0.475,0.463000009574,0.556999954523,1],"ix":4},"o":{"a":0,"k":100,"ix":5},"r":1,"bm":0,"nm":"Fill 1","mn":"ADBE Vector Graphic - Fill","hd":false},{"ty":"tr","p":{"a":0,"k":[47.126,8.625],"ix":2},"a":{"a":0,"k":[0,0],"ix":1},"s":{"a":0,"k":[100,100],"ix":3},"r":{"a":0,"k":0,"ix":6},"o":{"a":0,"k":100,"ix":7},"sk":{"a":0,"k":0,"ix":4},"sa":{"a":0,"k":0,"ix":5},"nm":"Transform"}],"nm":"Group 4","np":2,"cix":2,"bm":0,"ix":4,"mn":"ADBE Vector Group","hd":false},{"ty":"gr","it":[{"ind":0,"ty":"sh","ix":1,"ks":{"a":0,"k":{"i":[[-2.43,0],[0,0],[0,-2.429],[0,0],[2.43,0],[0,0],[0,2.429],[0,0]],"o":[[0,0],[2.43,0],[0,0],[0,2.429],[0,0],[-2.43,0],[0,0],[0,-2.429]],"v":[[-42.477,-29.977],[42.476,-29.977],[46.876,-25.577],[46.876,25.577],[42.476,29.977],[-42.477,29.977],[-46.876,25.577],[-46.876,-25.577]],"c":true},"ix":2},"nm":"Path 1","mn":"ADBE Vector Shape - Group","hd":false},{"ty":"fl","c":{"a":0,"k":[0.270999983245,0.250999989229,0.383999992819,1],"ix":4},"o":{"a":0,"k":100,"ix":5},"r":1,"bm":0,"nm":"Fill 1","mn":"ADBE Vector Graphic - Fill","hd":false},{"ty":"tr","p":{"a":0,"k":[47.127,30.227],"ix":2},"a":{"a":0,"k":[0,0],"ix":1},"s":{"a":0,"k":[100,100],"ix":3},"r":{"a":0,"k":0,"ix":6},"o":{"a":0,"k":100,"ix":7},"sk":{"a":0,"k":0,"ix":4},"sa":{"a":0,"k":0,"ix":5},"nm":"Transform"}],"nm":"Group 5","np":2,"cix":2,"bm":0,"ix":5,"mn":"ADBE Vector Group","hd":false}],"ip":0,"op":90.0000036657751,"st":0,"bm":0},{"ddd":0,"ind":5,"ty":4,"nm":"Mobile Outlines","sr":1,"ks":{"o":{"a":0,"k":100,"ix":11},"r":{"a":0,"k":0,"ix":10},"p":{"a":0,"k":[251.819,252.049,0],"ix":2,"l":2},"a":{"a":0,"k":[39.699,79.921,0],"ix":1,"l":2},"s":{"a":0,"k":[100,100,100],"ix":6,"l":2}},"ao":0,"shapes":[{"ty":"gr","it":[{"ind":0,"ty":"sh","ix":1,"ks":{"a":0,"k":{"i":[[0,0],[0,0],[0,0],[0,0]],"o":[[0,0],[0,0],[0,0],[0,0]],"v":[[-0.59,-2.059],[0.59,-2.059],[0.59,2.059],[-0.59,2.059]],"c":true},"ix":2},"nm":"Path 1","mn":"ADBE Vector Shape - Group","hd":false},{"ty":"st","c":{"a":0,"k":[0.270999983245,0.250999989229,0.383999992819,1],"ix":3},"o":{"a":0,"k":100,"ix":4},"w":{"a":0,"k":0.5,"ix":5},"lc":2,"lj":2,"bm":0,"nm":"Stroke 1","mn":"ADBE Vector Graphic - Stroke","hd":false},{"ty":"fl","c":{"a":0,"k":[0.270999983245,0.250999989229,0.383999992819,1],"ix":4},"o":{"a":0,"k":100,"ix":5},"r":1,"bm":0,"nm":"Fill 1","mn":"ADBE Vector Graphic - Fill","hd":false},{"ty":"tr","p":{"a":0,"k":[69.454,8.165],"ix":2},"a":{"a":0,"k":[0,0],"ix":1},"s":{"a":0,"k":[100,100],"ix":3},"r":{"a":0,"k":0,"ix":6},"o":{"a":0,"k":100,"ix":7},"sk":{"a":0,"k":0,"ix":4},"sa":{"a":0,"k":0,"ix":5},"nm":"Transform"}],"nm":"Group 1","np":3,"cix":2,"bm":0,"ix":1,"mn":"ADBE Vector Group","hd":false},{"ty":"gr","it":[{"ind":0,"ty":"sh","ix":1,"ks":{"a":0,"k":{"i":[[0,0],[0,0],[0,0],[0,0]],"o":[[0,0],[0,0],[0,0],[0,0]],"v":[[-0.59,-1.544],[0.59,-1.544],[0.59,1.544],[-0.59,1.544]],"c":true},"ix":2},"nm":"Path 1","mn":"ADBE Vector Shape - Group","hd":false},{"ty":"st","c":{"a":0,"k":[0.270999983245,0.250999989229,0.383999992819,1],"ix":3},"o":{"a":0,"k":100,"ix":4},"w":{"a":0,"k":0.5,"ix":5},"lc":2,"lj":2,"bm":0,"nm":"Stroke 1","mn":"ADBE Vector Graphic - Stroke","hd":false},{"ty":"fl","c":{"a":0,"k":[0.270999983245,0.250999989229,0.383999992819,1],"ix":4},"o":{"a":0,"k":100,"ix":5},"r":1,"bm":0,"nm":"Fill 1","mn":"ADBE Vector Graphic - Fill","hd":false},{"ty":"tr","p":{"a":0,"k":[67.153,8.68],"ix":2},"a":{"a":0,"k":[0,0],"ix":1},"s":{"a":0,"k":[100,100],"ix":3},"r":{"a":0,"k":0,"ix":6},"o":{"a":0,"k":100,"ix":7},"sk":{"a":0,"k":0,"ix":4},"sa":{"a":0,"k":0,"ix":5},"nm":"Transform"}],"nm":"Group 2","np":3,"cix":2,"bm":0,"ix":2,"mn":"ADBE Vector Group","hd":false},{"ty":"gr","it":[{"ind":0,"ty":"sh","ix":1,"ks":{"a":0,"k":{"i":[[0,0],[0,0],[0,0],[0,0]],"o":[[0,0],[0,0],[0,0],[0,0]],"v":[[-0.59,-1.028],[0.59,-1.028],[0.59,1.028],[-0.59,1.028]],"c":true},"ix":2},"nm":"Path 1","mn":"ADBE Vector Shape - Group","hd":false},{"ty":"st","c":{"a":0,"k":[0.270999983245,0.250999989229,0.383999992819,1],"ix":3},"o":{"a":0,"k":100,"ix":4},"w":{"a":0,"k":0.5,"ix":5},"lc":2,"lj":2,"bm":0,"nm":"Stroke 1","mn":"ADBE Vector Graphic - Stroke","hd":false},{"ty":"fl","c":{"a":0,"k":[0.270999983245,0.250999989229,0.383999992819,1],"ix":4},"o":{"a":0,"k":100,"ix":5},"r":1,"bm":0,"nm":"Fill 1","mn":"ADBE Vector Graphic - Fill","hd":false},{"ty":"tr","p":{"a":0,"k":[64.852,9.196],"ix":2},"a":{"a":0,"k":[0,0],"ix":1},"s":{"a":0,"k":[100,100],"ix":3},"r":{"a":0,"k":0,"ix":6},"o":{"a":0,"k":100,"ix":7},"sk":{"a":0,"k":0,"ix":4},"sa":{"a":0,"k":0,"ix":5},"nm":"Transform"}],"nm":"Group 3","np":3,"cix":2,"bm":0,"ix":3,"mn":"ADBE Vector Group","hd":false},{"ty":"gr","it":[{"ind":0,"ty":"sh","ix":1,"ks":{"a":0,"k":{"i":[[0,0],[0,0],[0,0],[0,0]],"o":[[0,0],[0,0],[0,0],[0,0]],"v":[[-0.59,-0.512],[0.59,-0.512],[0.59,0.512],[-0.59,0.512]],"c":true},"ix":2},"nm":"Path 1","mn":"ADBE Vector Shape - Group","hd":false},{"ty":"st","c":{"a":0,"k":[0.270999983245,0.250999989229,0.383999992819,1],"ix":3},"o":{"a":0,"k":100,"ix":4},"w":{"a":0,"k":0.5,"ix":5},"lc":2,"lj":2,"bm":0,"nm":"Stroke 1","mn":"ADBE Vector Graphic - Stroke","hd":false},{"ty":"fl","c":{"a":0,"k":[0.270999983245,0.250999989229,0.383999992819,1],"ix":4},"o":{"a":0,"k":100,"ix":5},"r":1,"bm":0,"nm":"Fill 1","mn":"ADBE Vector Graphic - Fill","hd":false},{"ty":"tr","p":{"a":0,"k":[62.55,9.711],"ix":2},"a":{"a":0,"k":[0,0],"ix":1},"s":{"a":0,"k":[100,100],"ix":3},"r":{"a":0,"k":0,"ix":6},"o":{"a":0,"k":100,"ix":7},"sk":{"a":0,"k":0,"ix":4},"sa":{"a":0,"k":0,"ix":5},"nm":"Transform"}],"nm":"Group 4","np":3,"cix":2,"bm":0,"ix":4,"mn":"ADBE Vector Group","hd":false},{"ty":"gr","it":[{"ind":0,"ty":"sh","ix":1,"ks":{"a":0,"k":{"i":[[0,0],[0,0],[0,0],[0,0]],"o":[[0,0],[0,0],[0,0],[0,0]],"v":[[-0.516,-0.938],[0.516,-0.938],[0.516,0.938],[-0.516,0.938]],"c":true},"ix":2},"nm":"Path 1","mn":"ADBE Vector Shape - Group","hd":false},{"ty":"st","c":{"a":0,"k":[0.270999983245,0.250999989229,0.383999992819,1],"ix":3},"o":{"a":0,"k":100,"ix":4},"w":{"a":0,"k":0.5,"ix":5},"lc":2,"lj":2,"bm":0,"nm":"Stroke 1","mn":"ADBE Vector Graphic - Stroke","hd":false},{"ty":"fl","c":{"a":0,"k":[0.270999983245,0.250999989229,0.383999992819,1],"ix":4},"o":{"a":0,"k":100,"ix":5},"r":1,"bm":0,"nm":"Fill 1","mn":"ADBE Vector Graphic - Fill","hd":false},{"ty":"tr","p":{"a":0,"k":[16.518,8.811],"ix":2},"a":{"a":0,"k":[0,0],"ix":1},"s":{"a":0,"k":[100,100],"ix":3},"r":{"a":0,"k":0,"ix":6},"o":{"a":0,"k":100,"ix":7},"sk":{"a":0,"k":0,"ix":4},"sa":{"a":0,"k":0,"ix":5},"nm":"Transform"}],"nm":"Group 5","np":3,"cix":2,"bm":0,"ix":5,"mn":"ADBE Vector Group","hd":false},{"ty":"gr","it":[{"ind":0,"ty":"sh","ix":1,"ks":{"a":0,"k":{"i":[[0,0],[0,0],[0,0],[0,0]],"o":[[0,0],[0,0],[0,0],[0,0]],"v":[[-3.324,-1.413],[3.324,-1.413],[3.324,1.413],[-3.324,1.413]],"c":true},"ix":2},"nm":"Path 1","mn":"ADBE Vector Shape - Group","hd":false},{"ty":"st","c":{"a":0,"k":[0.270999983245,0.250999989229,0.383999992819,1],"ix":3},"o":{"a":0,"k":100,"ix":4},"w":{"a":0,"k":0.5,"ix":5},"lc":2,"lj":2,"bm":0,"nm":"Stroke 1","mn":"ADBE Vector Graphic - Stroke","hd":false},{"ty":"fl","c":{"a":0,"k":[0.270999983245,0.250999989229,0.383999992819,1],"ix":4},"o":{"a":0,"k":100,"ix":5},"r":1,"bm":0,"nm":"Fill 1","mn":"ADBE Vector Graphic - Fill","hd":false},{"ty":"tr","p":{"a":0,"k":[12.678,8.81],"ix":2},"a":{"a":0,"k":[0,0],"ix":1},"s":{"a":0,"k":[100,100],"ix":3},"r":{"a":0,"k":0,"ix":6},"o":{"a":0,"k":100,"ix":7},"sk":{"a":0,"k":0,"ix":4},"sa":{"a":0,"k":0,"ix":5},"nm":"Transform"}],"nm":"Group 6","np":3,"cix":2,"bm":0,"ix":6,"mn":"ADBE Vector Group","hd":false},{"ty":"gr","it":[{"ind":0,"ty":"sh","ix":1,"ks":{"a":0,"k":{"i":[[0,0],[0,0],[0,-1.038],[0,0],[-1.039,0],[0,0],[0,1.038],[0,0],[1.038,0],[0,0]],"o":[[0,0],[-1.039,0],[0,0],[0,1.038],[0,0],[1.038,0],[0,0],[0,-1.038],[0,0],[0,0]],"v":[[-17.298,-76.469],[-34.721,-76.469],[-36.602,-74.589],[-36.602,74.59],[-34.721,76.469],[34.721,76.469],[36.602,74.59],[36.602,-74.584],[34.721,-76.464],[-17.298,-76.464]],"c":true},"ix":2},"nm":"Path 1","mn":"ADBE Vector Shape - Group","hd":false},{"ty":"fl","c":{"a":0,"k":[0.211999990426,0.651000019148,0.569000004787,1],"ix":4},"o":{"a":0,"k":100,"ix":5},"r":1,"bm":0,"nm":"Fill 1","mn":"ADBE Vector Graphic - Fill","hd":false},{"ty":"tr","p":{"a":0,"k":[39.699,80.073],"ix":2},"a":{"a":0,"k":[0,0],"ix":1},"s":{"a":0,"k":[100,100],"ix":3},"r":{"a":0,"k":0,"ix":6},"o":{"a":0,"k":100,"ix":7},"sk":{"a":0,"k":0,"ix":4},"sa":{"a":0,"k":0,"ix":5},"nm":"Transform"}],"nm":"Group 7","np":2,"cix":2,"bm":0,"ix":7,"mn":"ADBE Vector Group","hd":false},{"ty":"gr","it":[{"ind":0,"ty":"sh","ix":1,"ks":{"a":0,"k":{"i":[[-2.077,0],[0,0],[0,-2.076],[0,0],[2.076,0],[0,0],[0,2.077],[0,0]],"o":[[0,0],[2.076,0],[0,0],[0,2.077],[0,0],[-2.077,0],[0,0],[0,-2.076]],"v":[[-35.689,-79.671],[35.689,-79.671],[39.449,-75.911],[39.449,75.911],[35.689,79.671],[-35.689,79.671],[-39.449,75.911],[-39.449,-75.911]],"c":true},"ix":2},"nm":"Path 1","mn":"ADBE Vector Shape - Group","hd":false},{"ty":"fl","c":{"a":0,"k":[0.270999983245,0.250999989229,0.383999992819,1],"ix":4},"o":{"a":0,"k":100,"ix":5},"r":1,"bm":0,"nm":"Fill 1","mn":"ADBE Vector Graphic - Fill","hd":false},{"ty":"tr","p":{"a":0,"k":[39.699,79.921],"ix":2},"a":{"a":0,"k":[0,0],"ix":1},"s":{"a":0,"k":[100,100],"ix":3},"r":{"a":0,"k":0,"ix":6},"o":{"a":0,"k":100,"ix":7},"sk":{"a":0,"k":0,"ix":4},"sa":{"a":0,"k":0,"ix":5},"nm":"Transform"}],"nm":"Group 8","np":2,"cix":2,"bm":0,"ix":8,"mn":"ADBE Vector Group","hd":false}],"ip":0,"op":90.0000036657751,"st":0,"bm":0},{"ddd":0,"ind":6,"ty":4,"nm":"Circle Outlines","sr":1,"ks":{"o":{"a":0,"k":100,"ix":11},"r":{"a":1,"k":[{"i":{"x":[0.833],"y":[0.833]},"o":{"x":[0.167],"y":[0.167]},"t":0,"s":[0]},{"t":89.0000036250443,"s":[180]}],"ix":10},"p":{"a":0,"k":[251.854,250.459,0],"ix":2,"l":2},"a":{"a":0,"k":[139.629,139.628,0],"ix":1,"l":2},"s":{"a":0,"k":[100,100,100],"ix":6,"l":2}},"ao":0,"shapes":[{"ty":"gr","it":[{"ind":0,"ty":"sh","ix":1,"ks":{"a":0,"k":{"i":[[-75.458,0],[0,-75.458],[75.458,0],[0,75.458]],"o":[[75.458,0],[0,75.458],[-75.458,0],[0,-75.458]],"v":[[0,-136.628],[136.628,0],[0,136.629],[-136.628,0]],"c":true},"ix":2},"nm":"Path 1","mn":"ADBE Vector Shape - Group","hd":false},{"ty":"st","c":{"a":0,"k":[0.231000010173,0.851000019148,0.677999997606,1],"ix":3},"o":{"a":0,"k":100,"ix":4},"w":{"a":0,"k":3,"ix":5},"lc":3,"lj":1,"ml":4,"bm":0,"d":[{"n":"d","nm":"dash","v":{"a":0,"k":5,"ix":1}},{"n":"g","nm":"gap","v":{"a":0,"k":10,"ix":2}},{"n":"o","nm":"offset","v":{"a":0,"k":0,"ix":7}}],"nm":"Stroke 1","mn":"ADBE Vector Graphic - Stroke","hd":false},{"ty":"tr","p":{"a":0,"k":[139.628,139.629],"ix":2},"a":{"a":0,"k":[0,0],"ix":1},"s":{"a":0,"k":[100,100],"ix":3},"r":{"a":0,"k":0,"ix":6},"o":{"a":0,"k":100,"ix":7},"sk":{"a":0,"k":0,"ix":4},"sa":{"a":0,"k":0,"ix":5},"nm":"Transform"}],"nm":"Group 1","np":2,"cix":2,"bm":0,"ix":1,"mn":"ADBE Vector Group","hd":false}],"ip":0,"op":90.0000036657751,"st":0,"bm":0}],"markers":[]}