<?xml version="1.0" encoding="utf-8" ?>
<resources>

  <style name="MainTheme" parent="MainTheme.Base">
	  <item name="android:windowBackground">@drawable/splash</item>
	  <item name="android:windowNoTitle">true</item>
	  <item name="android:windowFullscreen">false</item>
	  <item name="android:textAllCaps">false</item>
	  <item name="android:statusBarColor">@color/colorWhite</item>
	  <item name="android:windowLightStatusBar">true</item>
    <!-- As of Xamarin.Forms 4.6 the theme has moved into the Forms binary -->
    <!-- If you want to override anything you can do that here. -->
    <!-- Underneath are a couple of entries to get you started. -->

    <!-- Set theme colors from https://aka.ms/material-colors -->
    <!-- colorPrimary is used for the default action bar background -->
    <!--<item name="colorPrimary">#2196F3</item>-->
    <!-- colorPrimaryDark is used for the status bar -->
    <!--<item name="colorPrimaryDark">#1976D2</item>-->
    <!-- colorAccent is used as the default value for colorControlActivated
         which is used to tint widgets -->
    <!--<item name="colorAccent">#211E66</item>-->
        <item name="android:datePickerDialogTheme">@style/AppCompatDialogStyle</item>
        <item name="android:timePickerDialogTheme">@style/AppCompatDialogStyle</item>
  </style>
    
<style name="AppCompatDialogStyle" parent="Theme.AppCompat.Light.Dialog">
    <item name="colorAccent">#211E66</item>
</style>
<style name="MyDatePickerStyle" parent="@android:style/Widget.Material.Light.DatePicker">
    <item name="android:headerBackground">#211E66</item>
</style>
<style name="MyDatePickerDialogTheme" parent="android:Theme.Material.Light.Dialog">
    <item name="android:datePickerStyle">@style/MyDatePickerStyle</item>
</style>
</resources>